{
  "mae": 1.3993852138519287,
  "cs_scores": {
    "CS_1": 0.6933783213833825,
    "CS_2": 0.8464782792070856,
    "CS_3": 0.8869675242513707,
    "CS_4": 0.9114297764656263,
    "CS_5": 0.9287220582032898,
    "CS_6": 0.9413749472796289,
    "CS_7": 0.9578237030788697,
    "CS_8": 0.9687895402783636,
    "CS_9": 0.9759595107549557,
    "CS_10": 0.981864192323914
  },
  "samples": 2371
}